{"cameraMode":{"drawMode":0,"name":"Shaded","section":"Shading Mode"},"sceneLighting":false,"audioPlay":false,"sceneViewState":{"showFog":true,"showMaterialUpdate":true,"showSkybox":false,"showFlares":true,"showImageEffects":true,"showParticleSystems":true},"in2DMode":false,"pivot":{"x":-2.261653423309326,"y":1.0370100736618043,"z":-1.250967025756836},"rotation":{"x":0.26243504881858828,"y":-0.4718407392501831,"z":0.1574387103319168,"w":0.8268764019012451},"size":0.21650634706020356,"orthographic":false}