{"cameraMode":{"drawMode":0,"name":"Shaded","section":"Shading Mode"},"sceneLighting":true,"audioPlay":false,"sceneViewState":{"showFog":true,"showMaterialUpdate":true,"showSkybox":true,"showFlares":true,"showImageEffects":true,"showParticleSystems":true},"in2DMode":false,"pivot":{"x":2.813969850540161,"y":-0.17784333229064942,"z":13.24384880065918},"rotation":{"x":-0.4169425368309021,"y":-0.05122265964746475,"z":0.02354149892926216,"w":-0.907183825969696},"size":1.5954153537750245,"orthographic":false}