{"cameraMode":{"drawMode":0,"name":"Shaded","section":"Shading Mode"},"sceneLighting":true,"audioPlay":false,"sceneViewState":{"showFog":true,"showMaterialUpdate":true,"showSkybox":true,"showFlares":true,"showImageEffects":true,"showParticleSystems":true},"in2DMode":false,"pivot":{"x":63.80976486206055,"y":-0.7929692268371582,"z":22.967281341552736},"rotation":{"x":-0.0908656194806099,"y":-0.8741732239723206,"z":0.1797630339860916,"w":-0.44187870621681216},"size":3.9085357189178469,"orthographic":false}