{"cameraMode":{"drawMode":0,"name":"Shaded","section":"Shading Mode"},"sceneLighting":false,"audioPlay":false,"sceneViewState":{"showFog":true,"showMaterialUpdate":true,"showSkybox":false,"showFlares":true,"showImageEffects":true,"showParticleSystems":true},"in2DMode":false,"pivot":{"x":-2.320279836654663,"y":4.459283351898193,"z":-8.992795944213868},"rotation":{"x":0.22769655287265778,"y":0.47924360632896426,"z":-0.12252550572156906,"w":0.8387385010719299},"size":0.5554145574569702,"orthographic":false}