{"cameraMode":{"drawMode":0,"name":"Shaded","section":"Shading Mode"},"sceneLighting":true,"audioPlay":false,"sceneViewState":{"showFog":true,"showMaterialUpdate":true,"showSkybox":true,"showFlares":true,"showImageEffects":true,"showParticleSystems":true},"in2DMode":false,"pivot":{"x":5.790189743041992,"y":4.294010639190674,"z":4.415131092071533},"rotation":{"x":0.20576509833335877,"y":0.6874660849571228,"z":-0.20272980630397798,"w":0.6663142442703247},"size":1.7856407165527344,"orthographic":false}