{"cameraMode":{"drawMode":0,"name":"Shaded","section":"Shading Mode"},"sceneLighting":true,"audioPlay":false,"sceneViewState":{"showFog":true,"showMaterialUpdate":true,"showSkybox":true,"showFlares":true,"showImageEffects":true,"showParticleSystems":true},"in2DMode":false,"pivot":{"x":-32.38344192504883,"y":-18.32653045654297,"z":-22.372142791748048},"rotation":{"x":0.13346900045871736,"y":-0.8370738625526428,"z":0.25294339656829836,"w":0.466518759727478},"size":28.778669357299806,"orthographic":false}