{"cameraMode":{"drawMode":0,"name":"Shaded","section":"Shading Mode"},"sceneLighting":true,"audioPlay":false,"sceneViewState":{"showFog":true,"showMaterialUpdate":true,"showSkybox":true,"showFlares":true,"showImageEffects":true,"showParticleSystems":true},"in2DMode":false,"pivot":{"x":-6.601761817932129,"y":0.5288190841674805,"z":-2.462282657623291},"rotation":{"x":-0.1569526195526123,"y":0.6661820411682129,"z":-0.1463920921087265,"w":-0.7142410278320313},"size":8.30105209350586,"orthographic":false}