{"cameraMode":{"drawMode":0,"name":"Shaded","section":"Shading Mode"},"sceneLighting":false,"audioPlay":false,"sceneViewState":{"showFog":true,"showMaterialUpdate":true,"showSkybox":false,"showFlares":true,"showImageEffects":true,"showParticleSystems":true},"in2DMode":false,"pivot":{"x":0.24357128143310548,"y":-0.7417569160461426,"z":3.1378390789031984},"rotation":{"x":-0.26183339953422549,"y":-0.681060254573822,"z":0.2873932719230652,"w":-0.6204879879951477},"size":2.23417329788208,"orthographic":false}